HD,Vmag,U-B,B-V,V-R,R-I,V-Rc,Rc-Ic,u_mag,g_mag,r_mag,i_mag,z_mag,Star Name,Identity,SAO,FK5,Magnitude,Spectral class,pm_RA,pm_Dec,RA,Dec
48915,-1.46,-0.05,0.00,0.00,-0.03,-0.02,-0.01,-0.49,-1.55,-1.33,-1.09,-0.91,Sirius,Alpha Canis Majoris,151881,257,-1.46,A1Vm,-0.553,-1.205,101.2871553,-16.7161158
45348,,,,,,,,,,,,,Canopus,Alpha Carinae,234480,245,-0.72,F0II,0.022,0.021,95.9880000,-52.6958333
124897,-0.05,1.28,1.23,0.97,0.65,0.69,0.59,3.40,0.53,-0.50,-0.86,-1.06,Arcturus,Alpha Bodtis,100944,526,-0.04,K1.5IIIFe-0.5,-1.093,-1.998,213.9153003,19.1824092
128620,,,,,,,,,,,,,Rigilkent,Alpha Centauri,252838,538,-0.01,G2V,-3.642,0.699,219.8745000,-60.8352833
172167,0.03,0.00,0.00,-0.04,-0.03,-0.04,-0.01,1.06,-0.06,0.17,0.39,0.57,Vega,Alpha Lyrae,67174,699,0.03,A0Va,0.202,0.286,279.2347347,38.7836889
34029,0.08,0.45,0.80,0.60,0.44,0.40,0.41,2.16,0.43,-0.15,-0.33,-0.42,Capella,Alpha Aurigae,40186,193,0.08,G5IIIe+G0III,0.076,-0.425,79.1723281,45.9979914
34085,,,,,,,,,,,,,Algebar,Beta Orionis,131907,194,0.12,B8Ia:,0.0,-0.001,78.6345000,-8.2016667
34085,,,,,,,,,,,,,Rigel,Beta Orionis,131907,194,0.12,B8Ia:,0.0,-0.001,78.6345000,-8.2016667
61421,0.37,0.03,0.42,0.42,0.23,0.27,0.24,1.68,0.51,0.28,0.27,0.28,Procyon,Alpha Canis Minoris,115756,291,0.38,F5IV-V,-0.71,-1.023,114.8254978,5.2249875
10144,,,,,,,,,,,,,Achernar,Alpha Eridani,232481,54,0.46,B3Vpe,0.095,-0.035,24.4287500,-57.2366667
39801,,,,,,,,,,,,,Betelgeuse,Alpha Orionis,113271,224,0.5,M1-2Ia-Iab,0.026,0.009,88.7930000,7.4069500
122451,,,,,,,,,,,,,Hadar (Agena),Beta Centauri,252582,518,0.61,B1III,-0.032,-0.019,210.9557500,-60.3730500
187642,,,,,,,,,,,,,Altair,Alpha Aquilae,125122,745,0.77,A7V,0.538,0.386,297.6957500,8.8683333
29139,,,,,,,,,,,,,Aldebaran,Alpha Tauri,94027,168,0.85,K5+III,0.063,-0.19,68.9800000,16.5091667
148478,,,,,,,,,,,,,Antares,Alpha Scorpii,184415,616,0.96,M1.5Iab-Ib+B4Ve,-0.01,-0.02,247.3517500,-26.4319500
116658,,,,,,,,,,,,,Spica,Alpha Virginis,157923,498,0.98,B1III-IV+B2V,-0.041,-0.028,201.2982500,-11.1613833
62509,1.14,0.86,1.00,0.75,0.50,0.52,0.46,3.89,1.60,0.82,0.59,0.47,Pollux,Beta Geminorum,79666,295,1.14,K0IIIb,-0.628,-0.046,116.3289578,28.0261989
216956,,,,,,,,,,,,,Fomalhaut,Alpha Piscis Austrini,191524,867,1.16,A3V,0.333,-0.165,344.4130000,-29.6222167
197345,,,,,,,,,,,,,Deneb,Alpha Cygni,49941,777,1.25,A2Ia,0.003,0.002,310.3580000,45.2802833
111123,,,,,,,,,,,,,Mimosa,Beta Crucis,240259,481,1.25,B0.5III,-0.048,-0.014,191.9300000,-59.6886167
108248,,,,,,,,,,,,,Acrux,Alpha Crucis,251904,462,1.33,B0.5IV,-0.036,-0.012,186.6495000,-63.0991667
128621,,,,,,,,,,,,,Proxima,Alpha Centauri,0,,1.33,K1V,-3.646,0.7,219.9005000,-60.8355500
87901,1.35,-0.36,-0.11,-0.02,-0.10,-0.04,-0.06,1.84,1.19,1.51,1.79,2.00,Regulus,Alpha Leonis,98967,380,1.35,B7V,-0.248,0.006,152.0929625,11.9672089
52089,,,,,,,,,,,,,Adhara,Epsilon Canis Majoris,172676,268,1.5,B2II,0.004,0.003,104.6562500,-28.9722167
158926,,,,,,,,,,,,,Shaula,Lambda Scorpii,208954,652,1.63,B2IV+B,-0.001,-0.029,263.4020000,-37.1038833
108903,,,,,,,,,,,,,Gacrux,Gamma Crucis,240019,468,1.63,M3.5III,0.023,-0.262,187.7912500,-57.1133333
35468,1.64,-0.88,-0.22,-0.09,-0.22,-0.09,-0.14,1.36,1.42,1.85,2.20,2.46,Bellatrix,Gamma Orionis,112740,201,1.64,B2III,-0.009,-0.014,81.2827636,6.3497033
35497,1.65,-0.49,-0.13,-0.01,-0.10,-0.03,-0.05,1.95,1.48,1.81,2.09,2.29,Alnath,Beta Tauri,77168,202,1.65,B7III,0.022,-0.175,81.5729714,28.6074517
35497,1.65,-0.49,-0.13,-0.01,-0.10,-0.03,-0.05,1.95,1.48,1.81,2.09,2.29,El Nath,Beta Tauri,77168,202,1.65,B7III,0.022,-0.175,81.5729714,28.6074517
35497,1.65,-0.49,-0.13,-0.01,-0.10,-0.03,-0.05,1.95,1.48,1.81,2.09,2.29,Nath,Beta Tauri,77168,202,1.65,B7III,0.022,-0.175,81.5729714,28.6074517
80007,,,,,,,,,,,,,Miaplacidus,Beta Carinae,250495,348,1.68,A2IV,-0.162,0.108,138.3000000,-69.7172167
37128,,,,,,,,,,,,,Alnilam,Epsilon Orionis,132346,210,1.7,B0Ia,0.001,-0.002,84.0532500,-1.2019500
209952,,,,,,,,,,,,,Alnair,Alpha Gruis,230992,829,1.74,B7IV,0.129,-0.151,332.0582500,-46.9611167
112185,,,,,,,,,,,,,Alioth,Epsilon Ursae Majoris,28553,483,1.77,A0pCr,0.112,-0.006,193.5070000,55.9597167
68273,,,,,,,,,,,,,Regor,Gamma Velorum,219504,309,1.78,WC8+O9I,-0.004,0.006,122.3832500,-47.3366667
95689,1.79,0.92,1.07,0.81,0.58,0.56,0.52,4.66,2.28,1.43,1.14,0.99,Dubhe,Alpha Ursae Majoris,15384,417,1.79,K0IIIa,-0.119,-0.067,165.9319647,61.7510347
20902,1.79,0.38,0.48,nan,nan,nan,nan,3.60,1.96,1.68,nan,nan,Mirfak,Alpha Persei,38787,120,1.79,F5Ib,0.024,-0.025,51.0807086,49.8611792
54605,,,,,,,,,,,,,Wezen,Delta Canis Majoris,173047,273,1.84,F8Ia,-0.003,0.004,107.0980000,-26.3933333
169022,,,,,,,,,,,,,Kaus Australis,Epsilon Sagittarii,210091,689,1.85,B9.5III,-0.038,-0.124,276.0430000,-34.3847167
71129,,,,,,,,,,,,,Avior,Epsilon Carinae,235932,315,1.86,K3III+B2:V,-0.026,0.014,125.6282500,-59.5097167
120315,1.86,-0.68,-0.19,-0.12,-0.18,-0.09,-0.12,1.87,1.66,2.07,2.40,2.65,Benetnasch,Eta Ursae Majoris,44752,509,1.86,B3V,-0.122,-0.011,206.8851572,49.3132667
120315,1.86,-0.68,-0.19,-0.12,-0.18,-0.09,-0.12,1.87,1.66,2.07,2.40,2.65,Alkaid,Eta Ursae Majoris,44752,509,1.86,B3V,-0.122,-0.011,206.8851572,49.3132667
40183,,,,,,,,,,,,,Menkalinan,Beta Aurigae,40750,227,1.9,A2IV,-0.057,0.0,89.8820000,44.9475000
150798,,,,,,,,,,,,,Atria,Alpha Trianguli Australis,253700,625,1.92,K2IIb-IIIa,0.014,-0.034,252.1662500,-69.0277833
47105,1.92,0.05,0.00,0.06,-0.01,0.01,0.00,3.02,1.83,2.04,2.25,2.42,Almeisan,Gamma Geminorum,95912,251,1.93,A0IV,0.042,-0.042,99.4279606,16.3992806
47105,1.92,0.05,0.00,0.06,-0.01,0.01,0.00,3.02,1.83,2.04,2.25,2.42,Alhena,Gamma Geminorum,95912,251,1.93,A0IV,0.042,-0.042,99.4279606,16.3992806
193924,,,,,,,,,,,,,Peacock,Alpha Pavonis,246574,764,1.94,B2IV,0.007,-0.089,306.4120000,-56.7350000
60179,,,,,,,,,,,,,Castor,Alpha Geminorum,0,,1.98,A1V,-0.171,-0.098,113.6500000,31.8883333
81797,1.97,1.72,1.45,1.04,0.77,0.72,0.70,6.13,2.67,1.46,0.98,0.71,Alphard,Alpha Hydrae,136871,354,1.98,K3II-III,-0.014,0.033,141.8968447,-8.6585994
44743,,,,,,,,,,,,,Murzim,Beta Canis Majoris,151428,243,1.98,B1II-III,-0.006,0.0,95.6750000,-17.9558333
44743,,,,,,,,,,,,,Mirzam,Beta Canis Majoris,151428,243,1.98,B1II-III,-0.006,0.0,95.6750000,-17.9558333
12929,2.00,1.13,1.15,0.84,0.62,0.58,0.56,5.20,2.54,1.62,1.28,1.10,Hamal,Alpha Arietis,75151,74,2.0,K2-IIICa-1,0.19,-0.148,31.7933572,23.4624175
8890,,,,,,,,,,,,,Polaris,Alpha Ursae Minoris,308,907,2.02,F7:Ib-II,0.038,-0.015,37.9530000,89.2641667
4128,2.02,0.88,1.01,0.72,0.51,0.50,0.46,4.80,2.48,1.70,1.47,1.34,Deneb Kaitos,Beta Ceti,147420,22,2.04,G9.5IIICH-1,0.234,0.033,10.8973786,-17.9866064
4128,2.02,0.88,1.01,0.72,0.51,0.50,0.46,4.80,2.48,1.70,1.47,1.34,Diphda,Beta Ceti,147420,22,2.04,G9.5IIICH-1,0.234,0.033,10.8973786,-17.9866064
37742,1.77,-1.06,-0.21,-0.08,-0.20,-0.08,-0.10,1.25,1.56,1.97,2.30,2.53,Alnitak,Zeta Orionis,132444,,2.05,O9.7Ib,0.003,-0.002,85.1896958,-1.9425722
123139,,,,,,,,,,,,,Menkent,Theta Centauri,205188,520,2.06,K0-IIIb,-0.519,-0.519,211.6707500,-36.3700000
38771,2.05,-1.02,-0.18,-0.02,-0.18,-0.04,-0.09,1.60,1.86,2.23,2.54,2.77,Saiph,Kappa Orionis,132542,220,2.06,B0.5Ia,0.002,-0.002,86.9391203,-9.6696050
358,,,,,,,,,,,,,Alpheratz,Alpha Andromedae,73765,1,2.06,B8IVpMnHg,0.136,-0.163,2.0970000,29.0905500
6860,2.05,1.96,1.57,1.24,1.00,0.84,0.92,6.60,2.82,1.46,0.77,0.35,Mirach,Beta Andromedae,54471,42,2.06,M0+IIIa,0.178,-0.114,17.4330161,35.6205578
358,,,,,,,,,,,,,Sirrah,Alpha Andromedae,73765,1,2.06,B8IVpMnHg,0.136,-0.163,2.0970000,29.0905500
159561,2.07,0.10,0.15,0.14,0.08,0.08,0.10,3.32,2.06,2.12,2.25,2.36,Rasalhague,Alpha Ophiuchi,102932,656,2.08,A5III,0.12,-0.226,263.7336228,12.5600375
131873,2.08,1.77,1.47,1.11,0.76,0.79,0.70,6.32,2.79,1.54,1.06,0.79,Kochab,Beta Ursae Minoris,8102,550,2.08,K4-III,-0.031,0.012,222.6763575,74.1555039
19356,,,,,,,,,,,,,Algol,Beta Persei,38592,111,2.12,B8V,0.004,-0.001,47.0420000,40.9555500
102647,,,,,,,,,,,,,Denebola,Beta Leonis,99809,444,2.14,A3V,-0.497,-0.114,177.2650000,14.5719500
194093,2.23,0.54,0.67,0.49,0.34,0.33,0.31,4.37,2.50,2.06,1.97,1.95,Sadr,Gamma Cygni,49528,765,2.2,F8Ib,0.004,0.0,305.5570911,40.2566792
78647,,,,,,,,,,,,,Alsuhail,Lambda Velorum,220878,345,2.21,K4.5Ib-II,-0.019,0.013,136.9992500,-43.4325000
3712,,,,,,,,,,,,,Schedar,Alpha Cassiopeiae,21609,21,2.23,K0IIIa,0.053,-0.032,10.1270000,56.5372167
139006,,,,,,,,,,,,,Alphecca,Alpha Coronae Borealis,83893,578,2.23,A0V+G5V,0.121,-0.089,233.6720000,26.7147167
36486,,,,,,,,,,,,,Mintaka,Delta Orionis,132220,206,2.23,O9.5II,0.001,-0.002,83.0017500,0.2991667
139006,,,,,,,,,,,,,Gemma,Alpha Coronae Borealis,83893,578,2.23,A0V+G5V,0.121,-0.089,233.6720000,26.7147167
164058,2.22,1.88,1.52,1.14,0.85,0.80,0.79,6.64,2.96,1.66,1.10,0.77,Eltanin,Gamma Draconis,30653,676,2.23,K5III,-0.008,-0.019,269.1515411,51.4888956
80404,,,,,,,,,,,,,Aspidiske,Iota Carinae,236808,351,2.25,A8Ib,-0.02,0.008,139.2725000,-59.2752833
80404,,,,,,,,,,,,,Scutulum,Iota Carinae,236808,351,2.25,A8Ib,-0.02,0.008,139.2725000,-59.2752833
66811,,,,,,,,,,,,,Naos,Zeta Puppis,198752,306,2.25,O5f,-0.027,0.012,120.8962500,-40.0033333
12533,2.10,0.92,1.21,0.94,0.68,0.65,0.62,5.05,2.67,1.67,1.28,1.06,Almach,Gamma Andromedae,37734,73,2.26,K3-IIb,0.045,-0.052,30.9748044,42.3297247
116656,2.06,0.03,0.02,-0.04,-0.02,-0.04,-0.01,3.15,1.98,2.19,2.42,2.59,Alula Australis,Zeta Ursae Majoris,28737,497,2.27,A1VpSrSi,0.122,-0.02,200.9814292,54.9253611
116656,2.06,0.03,0.02,-0.04,-0.02,-0.04,-0.01,3.15,1.98,2.19,2.42,2.59,Mizar,Zeta Ursae Majoris,28737,497,2.27,A1VpSrSi,0.122,-0.02,200.9814292,54.9253611
432,,,,,,,,,,,,,Caph,Beta Cassiopeiae,21133,2,2.27,F2III-IV,0.525,-0.181,2.2945000,59.1497167
143275,,,,,,,,,,,,,Dschubba,Delta Scorpii,184014,594,2.32,B0.3IV,-0.012,-0.022,240.0832500,-22.6216667
95418,2.37,0.00,-0.02,0.06,-0.04,0.01,-0.02,3.39,2.26,2.49,2.74,2.92,Merak,Beta Ursae Majoris,27876,416,2.37,A1V,0.082,0.034,165.4603189,56.3824261
2261,,,,,,,,,,,,,Ankaa,Alpha Phoenicis,215093,12,2.39,K0III,0.203,-0.396,6.5707500,-42.3061167
206778,,,,,,,,,,,,,Enif,Epsilon Pegasi,127029,815,2.39,K2Ib,0.031,-0.001,326.0467500,9.8750000
217906,,,,,,,,,,,,,Scheat,Beta Pegasi,90981,870,2.42,M2.5II-III,0.189,0.137,345.9437500,28.0827833
155125,2.42,0.09,0.05,0.03,0.01,0.00,0.04,3.60,2.35,2.53,2.71,2.86,Sabik,Eta Ophiuchi,160332,,2.43,A2V,0.039,0.098,257.5945286,-15.7249067
103287,2.44,0.03,0.00,0.00,-0.03,-0.02,-0.01,3.52,2.35,2.57,2.81,2.98,Phad,Gamma Ursae Majoris,28179,447,2.44,A0Ve,0.095,0.012,178.4576972,53.6947597
203280,2.45,0.11,0.22,0.21,0.11,0.13,0.13,3.76,2.48,2.47,2.56,2.65,Alderamin,Alpha Cephei,19302,803,2.44,A7V,0.151,0.049,319.6448847,62.5855744
103287,2.44,0.03,0.00,0.00,-0.03,-0.02,-0.01,3.52,2.35,2.57,2.81,2.98,Phecda,Gamma Ursae Majoris,28179,447,2.44,A0Ve,0.095,0.012,178.4576972,53.6947597
58350,,,,,,,,,,,,,Aludra,Eta Canis Majoris,173651,283,2.45,B5Ia,-0.004,0.005,111.0237500,-29.3030500
5394,,,,,,,,,,,,,Tsih,Gamma Cassiopeiae,11482,32,2.47,B0IVe,0.026,-0.005,14.1770000,60.7166667
218045,2.48,-0.06,-0.04,0.01,-0.03,-0.01,-0.01,3.41,2.36,2.62,2.85,3.03,Markab,Alpha Pegasi,108378,871,2.49,B9V,0.063,-0.042,346.1902228,15.2052672
18884,,,,,,,,,,,,,Menkar,Alpha Ceti,110920,107,2.53,M1.5IIIa,-0.009,-0.078,45.5700000,4.0897167
97603,2.56,0.11,0.12,0.13,0.03,0.06,0.05,3.81,2.53,2.63,2.80,2.93,Zosma,Delta Leonis,81727,422,2.56,A4V,0.142,-0.13,168.5270892,20.5237181
36673,2.57,0.25,0.20,0.22,0.21,0.13,0.19,4.05,2.59,2.59,2.62,2.67,Arneb,Alpha Leporis,150547,207,2.58,F0Ib,0.001,0.002,83.1825672,-17.8222892
106625,2.58,-0.35,-0.11,-0.04,-0.09,-0.05,-0.05,3.08,2.42,2.75,3.01,3.21,Gienah,Gamma Corvi,157176,457,2.59,B8IIIpHgMn,-0.161,0.023,183.9515450,-17.5419306
176687,,,,,,,,,,,,,Ascella,Zeta Sagittarii,187600,,2.6,A2III+A4IV,-0.015,-0.002,285.6530000,-29.8802833
135742,2.61,-0.37,-0.11,-0.04,-0.10,-0.04,-0.05,3.08,2.45,2.77,3.04,3.24,Zubeneshamali,Beta Librae,140430,564,2.61,B8V,-0.096,-0.019,229.2517242,-9.3829144
89484,,,,,,,,,,,,,Algieba,Gamma Leonis,81298,,2.61,K1-IIIbFe-0.5,0.306,-0.147,154.9930000,19.8416667
144217,2.59,-0.86,-0.08,-0.02,-0.09,-0.02,-0.01,2.42,2.45,2.74,2.97,3.15,Graffias,Beta Scorpii,159682,597,2.62,B1V,-0.006,-0.019,241.3593000,-19.8054528
144217,2.59,-0.86,-0.08,-0.02,-0.09,-0.02,-0.01,2.42,2.45,2.74,2.97,3.15,Acrab,Beta Scorpii,159682,597,2.62,B1V,-0.006,-0.019,241.3593000,-19.8054528
11636,2.65,0.10,0.13,0.14,0.08,0.07,0.09,3.89,2.63,2.71,2.85,2.96,Sheratan,Beta Arietis,75012,66,2.64,A5V,0.096,-0.111,28.6600458,20.8080314
37795,,,,,,,,,,,,,Phact,Alpha Columbae,196059,215,2.64,B7IVe,0.007,-0.026,84.9120000,-34.0741667
140573,2.64,1.25,1.17,0.81,0.56,0.57,0.51,6.01,3.19,2.25,1.97,1.82,Unukalhai,Alpha Serpentis,121157,582,2.65,K2IIIbCN1,0.137,0.047,236.0669764,6.4256286
109379,,,,,,,,,,,,,Kraz,Beta Corvi,180915,471,2.65,G5II,0.002,-0.054,188.5967500,-23.3966667
121370,2.68,0.20,0.58,0.44,0.29,0.30,0.30,4.31,2.90,2.54,2.47,2.45,Muphrid,Eta Bodtis,100766,513,2.68,G0IV,-0.063,-0.358,208.6711622,18.3977208
8538,,,,,,,,,,,,,Rukbah,Delta Cassiopeiae,22268,48,2.68,A5III-IV,0.297,-0.051,21.4542500,60.2352833
168454,,,,,,,,,,,,,Kaus Media,Delta Sagittarii,186681,687,2.7,K3-IIIa*,0.035,-0.028,275.2487500,-29.8280500
129989,,,,,,,,,,,,,Izar,Epsilon Bodtis,83500,,2.7,K0-II-III,-0.049,0.021,221.2467500,27.0741667
129989,,,,,,,,,,,,,Pulcherrima,Epsilon Bodtis,83500,,2.7,K0-II-III,-0.049,0.021,221.2467500,27.0741667
186791,2.72,1.68,1.52,1.07,0.75,0.76,0.68,6.87,3.46,2.18,1.72,1.46,Tarazed,Gamma Aquilae,105223,741,2.72,K3II,0.018,-0.002,296.5649178,10.6132614
146051,2.75,1.96,1.59,1.29,1.03,0.88,0.96,7.32,3.53,2.14,1.41,0.97,Yed Prior,Delta Ophiuchi,141052,603,2.74,M0.5III,-0.044,-0.143,243.5864106,-3.6943225
130841,2.75,0.09,0.15,0.14,0.04,0.08,0.06,3.99,2.74,2.80,2.96,3.09,Zubenelgenubi,Alpha Librae,158840,548,2.75,A3IV,-0.106,-0.067,222.7196378,-16.0417764
161096,2.77,1.24,1.17,0.82,0.57,0.58,0.52,6.13,3.32,2.38,2.09,1.94,Kelb al Rai,Beta Ophiuchi,122671,665,2.77,K2III,-0.04,0.159,265.8681361,4.5673044
161096,2.77,1.24,1.17,0.82,0.57,0.58,0.52,6.13,3.32,2.38,2.09,1.94,Celbalrai,Beta Ophiuchi,122671,665,2.77,K2III,-0.04,0.159,265.8681361,4.5673044
148856,2.77,0.69,0.94,0.64,0.47,0.45,0.44,5.26,3.19,2.49,2.28,2.17,Kornephoros,Beta Herculis,84411,618,2.77,G7IIIa,-0.098,-0.015,247.5549981,21.4896114
159181,,,,,,,,,,,,,Rastaban,Beta Draconis,30429,653,2.79,G2Ib-IIa,-0.016,0.015,262.6082500,52.3013833
33111,2.79,0.10,0.13,0.14,0.08,0.07,0.09,4.03,2.77,2.85,2.99,3.10,Cursa,Beta Eridani,131794,188,2.79,A3III,-0.095,-0.081,76.9624394,-5.0864458
159181,,,,,,,,,,,,,Alwaid,Beta Draconis,30429,653,2.79,G2Ib-IIa,-0.016,0.015,262.6082500,52.3013833
169916,,,,,,,,,,,,,Kaus Borealis,Lambda Sagittarii,186841,692,2.81,K1+IIIb,-0.044,-0.185,276.9925000,-25.4216667
113226,2.84,0.74,0.94,0.64,0.45,0.45,0.42,5.39,3.26,2.56,2.37,2.27,Vindemiatrix,Epsilon Virginis,100384,488,2.83,G8IIIab,-0.273,0.02,195.5441578,10.9591503
113226,2.84,0.74,0.94,0.64,0.45,0.45,0.42,5.39,3.26,2.56,2.37,2.27,Zaniah,Epsilon Virginis,100384,488,2.83,G8IIIab,-0.273,0.02,195.5441578,10.9591503
886,,,,,,,,,,,,,Algenib,Gamma Pegasi,91781,7,2.83,B2IV,0.003,-0.012,3.3092500,15.1836167
36079,,,,,,,,,,,,,Nihal,Beta Leporis,170457,204,2.84,G5II,-0.004,-0.089,82.0612500,-20.7594500
24398,2.85,-0.78,0.12,0.14,0.09,0.07,0.14,2.89,2.82,2.92,2.99,3.07,Atik,Zeta Persei,56799,144,2.85,B1Ib,0.006,-0.01,58.5330103,31.8836336
207098,,,,,,,,,,,,,Deneb Algiedi,Delta Capricorni,164644,819,2.87,Am,0.263,-0.297,326.7600000,-16.1272167
23630,2.87,-0.35,-0.09,nan,nan,nan,nan,3.38,2.73,3.03,nan,nan,Alcyone,Eta Tauri,76199,139,2.87,B7IIIe,0.019,-0.046,56.8711522,24.1051356
44478,,,,,,,,,,,,,Tejat,Mu Geminorum,78297,241,2.88,M3IIIab,0.054,-0.111,95.7400000,22.5136167
58715,,,,,,,,,,,,,Gomeisa,Beta Canis Minoris,115456,285,2.9,B8Ve,-0.052,-0.038,111.7875000,8.2894500
112413,,,,,,,,,,,,,Cor Caroli,Alpha Canem Venaticorum,63257,485,2.9,A0pSiEuHg,-0.234,0.056,194.0070000,38.3183333
204867,2.87,0.57,0.84,0.61,0.41,0.42,0.38,5.14,3.24,2.62,2.47,2.40,Sadalsuud,Beta Aquarii,145457,808,2.91,G0Ib,0.021,-0.008,322.8897156,-5.5711756
215182,2.95,0.57,0.86,0.64,0.48,0.45,0.39,5.23,3.33,2.69,2.52,2.45,Matar,Eta Pegasi,90734,857,2.94,G2II-III+F0V,0.015,-0.025,340.7505725,30.2212450
108767,2.94,-0.09,-0.05,-0.05,-0.04,-0.04,-0.02,3.83,2.82,3.09,3.34,3.52,Algorab,Delta Corvi,157323,465,2.95,B9.5V,-0.21,-0.138,187.4660631,-16.5154314
25025,,,,,,,,,,,,,Zaurac,Gamma Eridani,149283,149,2.95,M0.5IIICa-1Cr-1,0.061,-0.111,59.5075000,-13.5086167
209750,,,,,,,,,,,,,Sadalmelik,Alpha Aquarii,145862,827,2.96,G2Ib,0.02,-0.01,331.4457500,0.3197167
48329,2.98,1.46,1.40,0.96,0.61,0.67,0.55,6.76,3.66,2.50,2.18,2.00,Mebsuta,Epsilon Geminorum,78682,254,2.98,G8Ib,-0.006,-0.013,100.9830261,25.1311253
165135,,,,,,,,,,,,,Nasl,Gamma Sagittarii,209696,679,2.99,K0III,-0.053,-0.185,271.4520000,-30.4241667
31964,,,,,,,,,,,,,Maaz,Epsilon Aurigae,39955,183,2.99,F0Iae+B,-0.001,-0.004,75.4920000,43.8233333
44402,,,,,,,,,,,,,Furud,Zeta Canis Majoris,196698,240,3.02,B2.5V,0.009,0.003,95.0782500,-30.0633333
14386,,,,,,,,,,,,,Mira,Omicron Ceti,129825,,3.04,M7IIIe+Bep,-0.008,-0.237,34.8362500,-2.9775000
137422,,,,,,,,,,,,,Pherkad,Gamma Ursae Minoris,8220,569,3.05,A3II-III,-0.019,0.02,230.1820000,71.8338833
89758,3.05,1.89,1.59,1.28,0.96,0.86,0.88,7.52,3.83,2.45,1.79,1.40,Tania Australis,Mu Ursae Majoris,43310,386,3.05,M0III,-0.082,0.035,155.5822489,41.4995192
180711,3.07,0.78,1.00,0.70,0.51,0.49,0.46,5.71,3.53,2.76,2.52,2.40,Altais,Delta Draconis,18222,723,3.07,G9III,0.094,0.093,288.1387581,67.6615406
180711,3.07,0.78,1.00,0.70,0.51,0.49,0.46,5.71,3.53,2.76,2.52,2.40,Nodus Secundus,Delta Draconis,18222,723,3.07,G9III,0.094,0.093,288.1387581,67.6615406
193495,3.08,0.27,0.79,0.55,0.50,0.38,0.46,4.92,3.42,2.86,2.63,2.52,Dabih,Beta Capricorni,163481,762,3.08,F8V+A0,0.042,0.002,305.2528053,-14.7813831
183912,3.08,0.62,1.13,0.87,0.66,0.62,0.60,5.58,3.61,2.69,2.31,2.11,Albireo,Beta Cygni,87301,732,3.08,K3II+B9.5V,0.002,-0.002,292.6803583,27.9596778
39425,,,,,,,,,,,,,Wazn,Beta Columbae,196240,223,3.12,K2III,0.059,0.401,87.7400000,-35.7683333
156164,3.13,0.08,0.08,0.05,0.03,0.02,0.05,4.32,3.08,3.23,3.39,3.53,Sarin,Delta Herculis,84951,641,3.14,A3IV,-0.021,-0.157,258.7579608,24.8392069
76644,3.14,0.07,0.19,0.22,0.07,0.13,0.09,4.37,3.15,3.17,3.30,3.41,Dnoces,Iota Ursae Majoris,42630,335,3.14,A7IV,-0.444,-0.226,134.8018900,48.0418261
76644,3.14,0.07,0.19,0.22,0.07,0.13,0.09,4.37,3.15,3.17,3.30,3.41,Talitha Borealis,Iota Ursae Majoris,42630,335,3.14,A7IV,-0.444,-0.226,134.8018900,48.0418261
222404,3.21,0.95,1.03,0.75,0.51,0.53,0.46,6.10,3.68,2.87,2.64,2.52,Errai,Gamma Cephei,10818,893,3.21,K1III-IV,-0.067,0.151,354.8368814,77.6322744
222404,3.21,0.95,1.03,0.75,0.51,0.53,0.46,6.10,3.68,2.87,2.64,2.52,Alrai,Gamma Cephei,10818,893,3.21,K1III-IV,-0.067,0.151,354.8368814,77.6322744
205021,,,,,,,,,,,,,Alfirk,Beta Cephei,10057,809,3.23,B1IV,0.01,0.007,322.1650000,70.5608333
146791,3.23,0.75,0.98,0.70,0.49,0.49,0.45,5.82,3.67,2.92,2.69,2.58,Yed Posterior,Epsilon Ophiuchi,141086,605,3.24,G9.5IIIbFe-0.5,0.085,0.041,244.5803739,-4.6925094
176437,3.24,-0.08,-0.05,-0.03,-0.01,-0.03,0.01,4.14,3.12,3.39,3.60,3.76,Sulaphat,Gamma Lyrae,67663,713,3.24,B9III,-0.002,0.002,284.7359267,32.6895556
18622,,,,,,,,,,,,,Acamar,Theta Eridani,216113,106,3.24,A4III,-0.045,0.019,44.5655000,-40.3047167
216627,3.28,0.08,0.05,0.07,0.04,0.03,0.06,4.45,3.21,3.38,3.54,3.67,Skat,Delta Aquarii,165375,866,3.27,A3V,-0.04,-0.025,343.6625564,-15.8208272
42995,,,,,,,,,,,,,Propus,Eta Geminorum,78135,,3.28,M3III,-0.068,-0.012,93.7192500,22.5066667
137759,3.29,1.23,1.16,0.78,0.60,0.55,0.54,6.63,3.83,2.92,2.60,2.43,Edasich,Iota Draconis,29520,571,3.29,K2III,-0.009,0.017,231.2323942,58.9660650
106591,3.31,0.07,0.08,0.06,0.00,0.01,0.01,4.48,3.26,3.41,3.62,3.78,Megrez,Delta Ursae Majoris,28315,456,3.31,A3V,0.104,0.009,183.8565028,57.0326156
97633,3.35,0.08,-0.02,0.05,-0.03,0.01,-0.01,4.48,3.24,3.47,3.71,3.89,Chort,Theta Leonis,99512,423,3.34,A2V,-0.061,-0.079,168.5600186,15.4295706
97633,3.35,0.08,-0.02,0.05,-0.03,0.01,-0.01,4.48,3.24,3.47,3.71,3.89,Coxa,Theta Leonis,99512,423,3.34,A2V,-0.061,-0.079,168.5600186,15.4295706
71369,3.36,0.52,0.85,0.69,0.42,0.47,0.39,5.57,3.73,3.09,2.92,2.84,Muscida,Omicron Ursae Majoris,14573,317,3.36,G5III,-0.133,-0.107,127.5661278,60.7181700
112300,3.38,1.79,1.59,1.53,1.33,1.01,1.24,7.71,4.16,2.74,1.70,1.13,Auva,Delta Virginis,119674,484,3.38,M3+III,-0.469,-0.054,193.9008692,3.3974703
11415,3.38,-0.62,-0.15,-0.04,-0.12,-0.05,-0.06,3.49,3.20,3.56,3.84,4.05,Navi,Epsilon Cassiopeiae,12031,63,3.38,B3III,0.032,-0.021,28.5988569,63.6701008
214923,3.40,-0.24,-0.09,-0.04,-0.07,-0.04,-0.04,4.06,3.26,3.56,3.82,4.02,Homam,Zeta Pegasi,108103,855,3.4,B8V,0.08,-0.013,340.3655500,10.8312889
11443,,,,,,,,,,,,,Mothallah,Alpha Trianguli,74996,64,3.41,F6IV,0.011,-0.235,28.2705000,29.5788833
4614,,,,,,,,,,,,,Achird,Eta Cassiopeiae,21732,,3.44,F9V+dM0,1.1,-0.529,12.2750000,57.8158333
89025,3.44,0.19,0.31,0.31,0.19,0.19,0.19,4.90,3.52,3.41,3.44,3.49,Adhafera,Zeta Leonis,81265,384,3.44,F0III,0.018,-0.007,154.1725667,23.4173117
174638,,,,,,,,,,,,,Shelyak,Beta Lyrae,67451,705,3.45,B8IIpe,0.003,-0.003,282.5200000,33.3627833
89021,3.45,0.06,0.03,0.08,-0.01,0.03,0.00,4.58,3.37,3.55,3.77,3.94,Tania Borealis,Lambda Ursae Majoris,43268,383,3.45,A2IV,-0.164,-0.038,154.2740953,42.9143558
16970,3.47,0.07,0.09,0.11,0.04,0.05,0.05,4.65,3.42,3.55,3.72,3.85,Kaffaljidhm,Gamma Ceti,110707,,3.47,A3V,-0.142,-0.152,40.8251628,3.2358164
98262,3.49,1.55,1.40,1.06,0.70,0.74,0.64,7.40,4.17,2.98,2.57,2.34,Alula Borealis,Nu Ursae Majoris,62486,425,3.48,K3-IIIBa0.3,-0.026,0.028,169.6197361,33.0943086
216131,3.48,0.68,0.94,0.68,0.47,0.48,0.43,5.95,3.90,3.19,2.98,2.88,Sadalbari,Mu Pegasi,90816,862,3.48,G8+III,0.147,-0.042,342.5008047,24.6015828
156014,,,,,,,,,,,,,Rasalgethi,Alpha Herculis,102680,,3.48,M5Ib-II,-0.006,0.036,258.6620000,14.3902833
133208,3.50,0.71,0.97,0.65,0.44,0.45,0.42,6.03,3.94,3.21,3.02,2.93,Nekkar,Beta Bodtis,45337,555,3.5,G8IIIaBa0.3Fe-0.5,-0.041,-0.028,225.4865100,40.3905669
69267,3.53,1.77,1.48,1.12,0.78,0.78,0.71,7.78,4.25,2.99,2.50,2.22,Tarf,Beta Cancri,116569,312,3.52,K4IIIBa0.5,-0.044,-0.049,124.1288375,9.1855439
28305,3.54,0.87,1.01,nan,nan,nan,nan,6.31,4.00,3.19,nan,nan,Ain,Epsilon Tauri,93954,164,3.53,G9.5IIICN0.5,0.107,-0.038,67.1541617,19.1804292
210418,3.55,0.10,0.07,0.05,0.04,0.02,0.05,4.76,3.49,3.65,3.81,3.95,Baham,Theta Pegasi,127340,834,3.53,A2Vp,0.276,0.027,332.5499386,6.1978633
56986,3.53,0.04,0.34,0.35,0.19,0.22,0.20,4.81,3.62,3.48,3.50,3.55,Wasat,Delta Geminorum,79294,279,3.53,F2IV,-0.026,-0.012,110.0307492,21.9823161
23249,,,,,,,,,,,,,Rana,Delta Eridani,130686,135,3.54,K0+IV,-0.092,0.745,55.8120000,-9.7633333
36861,,,,,,,,,,,,,Heka,Lambda Orionis,112921,,3.54,O8III((f)),0.0,-0.006,83.7845000,9.9341667
36861,,,,,,,,,,,,,Meissa,Lambda Orionis,112921,,3.54,O8III((f)),0.0,-0.006,83.7845000,9.9341667
192947,3.58,0.69,0.95,0.69,0.47,0.49,0.43,6.07,4.01,3.28,3.07,2.97,Al Giedi,Alpha Capricorni,163427,761,3.57,G8IIIb,0.064,0.004,304.5135664,-12.5448522
192947,3.58,0.69,0.95,0.69,0.47,0.49,0.43,6.07,4.01,3.28,3.07,2.97,Giedi,Alpha Capricorni,163427,761,3.57,G8IIIb,0.064,0.004,304.5135664,-12.5448522
77327,3.60,0.01,0.00,0.07,0.01,0.02,0.03,4.65,3.51,3.71,3.90,4.05,Talitha Australis,Kappa Ursae Majoris,42661,341,3.6,A1Vn,-0.033,-0.054,135.9063650,47.1565247
102870,3.60,0.11,0.55,0.48,0.28,0.31,0.29,5.09,3.81,3.47,3.40,3.39,Alaraph,Beta Virginis,119076,445,3.61,F9V,0.743,-0.271,177.6738261,1.7647197
102870,3.60,0.11,0.55,0.48,0.28,0.31,0.29,5.09,3.81,3.47,3.40,3.39,Zavijava,Beta Virginis,119076,445,3.61,F9V,0.743,-0.271,177.6738261,1.7647197
196524,3.63,0.08,0.44,0.40,0.24,0.27,0.25,5.02,3.78,3.54,3.51,3.53,Sualocin,Beta Delphini,106316,,3.63,F5IV,0.113,-0.033,309.3872556,14.5950889
196524,3.63,0.08,0.44,0.40,0.24,0.27,0.25,5.02,3.78,3.54,3.51,3.53,Rotanev,Beta Delphini,106316,,3.63,F5IV,0.113,-0.033,309.3872556,14.5950889
23850,3.62,-0.36,-0.09,nan,nan,nan,nan,4.12,3.48,3.78,nan,nan,Atlas,27 Tauri,76228,142,3.63,B8III,0.018,-0.047,57.2905942,24.0534167
123299,3.65,-0.08,-0.05,-0.03,-0.07,-0.03,-0.05,4.55,3.53,3.80,4.07,4.27,Thuban,Alpha Draconis,16273,521,3.65,A0III,-0.055,0.018,211.0972914,64.3758506
110379,2.74,-0.03,0.36,0.29,0.19,0.19,0.20,3.93,2.84,2.70,2.72,2.76,Porrima,Gamma Virginis,138917,,3.65,F0V,-0.565,0.012,190.4165958,-1.4495139
137909,,,,,,,,,,,,,Nusakan,Beta Coronae Borealis,83831,572,3.68,F0p,-0.179,0.086,231.9570000,29.1058333
206088,,,,,,,,,,,,,Nashira,Gamma Capricorni,164560,812,3.68,F0p,0.19,-0.023,325.0230000,-16.6622167
20720,,,,,,,,,,,,,Angetenar,Tau2 Eridani,168460,,3.69,M3.5IIIaCa-1,0.052,0.033,49.8792500,-21.7577833
23302,3.70,-0.40,-0.12,nan,nan,nan,nan,4.13,3.54,3.87,nan,nan,Electra,17 Tauri,76131,136,3.7,B6III,0.019,-0.046,56.2189036,24.1133364
188512,3.72,0.49,0.86,0.66,0.49,0.47,0.47,5.89,4.10,3.45,3.21,3.08,Alshain,Beta Aquilae,125235,749,3.71,G8IV,0.048,-0.482,298.8283022,6.4067617
11353,3.72,1.06,1.14,0.80,0.55,0.55,0.49,6.82,4.25,3.35,3.08,2.94,Baten Kaitos,Zeta Ceti,148059,62,3.73,K0IIIBa0.1,0.041,-0.039,27.8651450,-10.3350358
163588,3.75,1.21,1.18,0.83,0.59,0.59,0.53,7.07,4.30,3.36,3.05,2.89,Grumium,Xi Draconis,30631,671,3.75,K2-III,0.094,0.08,268.3822067,56.8726428
198001,3.77,0.02,0.00,0.07,0.00,0.03,0.02,4.83,3.68,3.88,4.08,4.24,Albali,Epsilon Aquarii,144810,781,3.77,A1V,0.035,-0.034,311.9189692,-9.4957744
52973,,,,,,,,,,,,,Mekbuda,Zeta Geminorum,79031,269,3.79,F7-G3Ib,-0.009,0.0,106.0270000,20.5702833
148857,3.83,0.02,0.01,-0.01,-0.01,-0.02,0.01,4.90,3.74,3.96,4.17,4.33,Marfik,Lambda Ophiuchi,121658,,3.82,A0V+A4V,-0.027,-0.073,247.7284297,1.9839225
188119,3.82,0.52,0.89,0.64,0.48,0.45,0.44,6.05,4.21,3.55,3.34,3.23,Tyl,Epsilon Draconis,9540,,3.83,G7IIIbCN-2,0.082,0.037,297.0431283,70.2679303
100029,3.85,1.97,1.62,1.31,0.99,0.88,0.91,8.45,4.65,3.23,2.55,2.14,Giauzar,Lambda Draconis,15532,433,3.84,M0IIICa-1,-0.039,-0.017,172.8509197,69.3310750
212061,3.84,-0.13,-0.06,0.04,-0.04,0.01,-0.02,4.67,3.71,3.97,4.22,4.40,Sadachbia,Gamma Aquarii,146044,842,3.84,A0V,0.132,0.007,335.4140642,-1.3873342
23408,3.87,-0.40,-0.07,nan,nan,nan,nan,4.32,3.74,4.02,nan,nan,Maia,20 Tauri,76155,,3.87,B8III,0.02,-0.046,56.4566939,24.3677461
85503,3.88,1.40,1.22,0.91,0.58,0.63,0.52,7.48,4.46,3.46,3.17,3.01,Rasalas,Mu Leonis,81064,371,3.88,K2IIICN1Ca1,-0.216,-0.056,148.1909022,26.0069533
18322,3.87,0.98,1.12,0.79,0.58,0.55,0.52,6.85,4.39,3.51,3.22,3.06,Azha,Eta Eridani,130197,104,3.89,K1-IIIbBa0.2:,0.079,-0.22,44.1068728,-8.8981450
138905,3.91,0.74,1.02,0.71,0.55,0.50,0.50,6.51,4.38,3.59,3.31,3.17,Zubenelhakrabi,Gamma Librae,159370,577,3.91,G8.5III,0.065,0.009,233.8815783,-14.7895356
202447,,,,,,,,,,,,,Kitalpha,Alpha Equulei,126662,800,3.92,G0III+A5V,0.059,-0.088,318.9557500,5.2477833
74442,3.94,0.99,1.08,0.78,0.54,0.54,0.49,6.91,4.44,3.59,3.33,3.19,Asellus Australis,Delta Cancri,98087,326,3.94,K0III-IIIb,-0.018,-0.228,131.1712467,18.1543064
181869,,,,,,,,,,,,,Rukbat,Alpha Sagittarii,229659,728,3.97,B8V,0.03,-0.123,290.9717500,-40.6161167
145502,,,,,,,,,,,,,Lesath,Nu Scorpii,159764,,4.01,B3V,-0.01,-0.023,242.9987500,-19.4605500
145502,,,,,,,,,,,,,Jabbah,Nu Scorpii,159764,,4.01,B3V,-0.01,-0.023,242.9987500,-19.4605500
181454,,,,,,,,,,,,,Arkab,Beta Sagittarii,229646,1502,4.01,B9V,0.009,-0.02,290.6595000,-44.4588833
105452,,,,,,,,,,,,,Alchibah,Alpha Corvi,180505,,4.02,F2III-IV,0.086,-0.04,182.1032500,-24.7288833
26574,,,,,,,,,,,,,Keid,Omicron2 Eridani,131019,154,4.04,F2II-III,0.01,0.082,62.9662500,-6.8375000
26574,,,,,,,,,,,,,Beid,Omicron2 Eridani,131019,154,4.04,F2II-III,0.01,0.082,62.9662500,-6.8375000
24912,,,,,,,,,,,,,Menkib,Xi Persei,56856,148,4.04,O7.5III(n)((f)),0.002,0.0,59.7412500,35.7911167
124850,,,,,,,,,,,,,Syrma,Iota Virginis,139824,525,4.08,F6III,-0.004,-0.432,214.0037500,-6.0005500
95272,,,,,,,,,,,,,Alkes,Alpha Crateris,156375,1283,4.08,K0+III,-0.46,0.13,164.9437500,-18.2988833
211391,,,,,,,,,,,,,Ancha,Theta Aquarii,145991,840,4.16,G8III-IV,0.121,-0.022,334.2082500,-7.7833333
23480,,,,,,,,,,,,,Merope,23 Tauri,76172,,4.18,B6IVe,0.021,-0.045,56.5817500,23.9483333
76756,,,,,,,,,,,,,Acubens,Alpha Cancri,98267,337,4.25,A5m,0.034,-0.031,134.6217500,11.8577833
109358,,,,,,,,,,,,,Chara,Beta Canem Venaticorum,44230,470,4.26,G0V,-0.705,0.292,188.4355000,41.3575000
209790,,,,,,,,,,,,,Kurah,Xi Cephei,19827,,4.29,A3/6Vm,0.209,0.085,330.9475000,64.6277833
23338,,,,,,,,,,,,,Taygeta,19 Tauri,76140,,4.3,B6IV,0.018,-0.045,56.3020000,24.4672167
82308,,,,,,,,,,,,,Alterf,Lambda Leonis,80885,2756,4.31,K5III,-0.021,-0.033,142.9300000,22.9680500
137391,,,,,,,,,,,,,Alkalurops,Mu Bodtis,64686,568,4.31,F2IVa,-0.146,0.087,231.1225000,37.3772167
12447,,,,,,,,,,,,,Kaitain,Alpha Piscium,110291,,4.33,A0pSiSr,0.033,-0.005,30.5117500,2.7636167
12447,,,,,,,,,,,,,Okda,Alpha Piscium,110291,,4.33,A0pSiSr,0.033,-0.005,30.5117500,2.7636167
12447,,,,,,,,,,,,,Risha,Alpha Piscium,110291,,4.33,A0pSiSr,0.033,-0.005,30.5117500,2.7636167
19787,,,,,,,,,,,,,Botein,Delta Arietis,93328,114,4.35,K2III,0.152,-0.011,47.9075000,19.7266667
166205,,,,,,,,,,,,,Yildun,Delta Ursae Minoris,2937,913,4.36,A1Vn,0.009,0.056,263.0537500,86.5863833
148112,,,,,,,,,,,,,Cujam,Omega Herculis,102153,613,4.57,B9pCr,0.044,-0.059,246.3542500,14.0333333
162003,,,,,,,,,,,,,Dziban,Psi Draconis,8890,670,4.58,F5IV-V,0.025,-0.267,265.4845000,72.1488833
175638,,,,,,,,,,,,,Alya,Theta Serpentis,124068,709,4.62,A5V,0.049,0.031,284.0550000,4.2036167
74198,,,,,,,,,,,,,Asellus Borealis,Gamma Cancri,80378,1228,4.66,A1IV,-0.106,-0.039,130.8212500,21.4686167
185144,,,,,,,,,,,,,Alsaphi,Sigma Draconis,18396,,4.68,K0V,0.6,-1.738,293.0900000,69.6611167
11502,,,,,,,,,,,,,Mesarthim,Gamma Arietis,92681,,4.75,A1pSi,0.079,-0.104,28.3825000,19.2936167
145001,,,,,,,,,,,,,Maasym,Kappa Herculis,101951,1421,5.0,G8III,-0.032,-0.007,242.0187500,17.0469500
23862,,,,,,,,,,,,,Pleione,28 Tauri,76229,,5.09,B8Vpe,0.013,-0.05,57.2967500,24.1366667
67228,,,,,,,,,,,,,Tegmine,Mu Cancri,79959,2630,5.3,G1IVb,0.022,-0.069,121.9407500,21.5816667
23288,,,,,,,,,,,,,Celaeno,16 Tauri,76126,,5.46,B7IV,0.011,-0.046,56.2007500,24.2894500
23432,,,,,,,,,,,,,Asterope,21 Tauri,76159,,5.76,B8V,0.011,-0.042,56.4767500,24.5547167
23432,,,,,,,,,,,,,Sterope,21 Tauri,76159,,5.76,B8V,0.011,-0.042,56.4767500,24.5547167
154906,,,,,,,,,,,,,Arrakis,Mu Draconis,30239,,5.8,F7V,-0.073,0.085,256.3320000,54.4702833
154906,,,,,,,,,,,,,Kuma,Mu Draconis,30239,,5.8,F7V,-0.073,0.085,256.3320000,54.4702833
